{"assets/audio/camera-shutter.mp3":["assets/audio/camera-shutter.mp3"],"assets/fonts/HKGrotesk-Bold.otf":["assets/fonts/HKGrotesk-Bold.otf"],"assets/fonts/HKGrotesk-Regular.otf":["assets/fonts/HKGrotesk-Regular.otf"],"assets/images/alternative-investment.svg":["assets/images/alternative-investment.svg"],"assets/images/bank-card.svg":["assets/images/bank-card.svg"],"assets/images/briefcase.svg":["assets/images/briefcase.svg"],"assets/images/calendar.png":["assets/images/calendar.png"],"assets/images/camera.svg":["assets/images/camera.svg"],"assets/images/chart.svg":["assets/images/chart.svg"],"assets/images/css-declined.svg":["assets/images/css-declined.svg"],"assets/images/dashboard.svg":["assets/images/dashboard.svg"],"assets/images/data-analyst.svg":["assets/images/data-analyst.svg"],"assets/images/document-black.svg":["assets/images/document-black.svg"],"assets/images/document.svg":["assets/images/document.svg"],"assets/images/drawer_icon.png":["assets/images/drawer_icon.png"],"assets/images/e-ipo-shares.svg":["assets/images/e-ipo-shares.svg"],"assets/images/equity-investment.svg":["assets/images/equity-investment.svg"],"assets/images/explore.svg":["assets/images/explore.svg"],"assets/images/filter.svg":["assets/images/filter.svg"],"assets/images/fixed-income-investment.svg":["assets/images/fixed-income-investment.svg"],"assets/images/flag.png":["assets/images/flag.png"],"assets/images/gallery.svg":["assets/images/gallery.svg"],"assets/images/graph.svg":["assets/images/graph.svg"],"assets/images/hexagon.png":["assets/images/hexagon.png"],"assets/images/investment-analysis.svg":["assets/images/investment-analysis.svg"],"assets/images/lady-left.svg":["assets/images/lady-left.svg"],"assets/images/lady.svg":["assets/images/lady.svg"],"assets/images/logout-red.svg":["assets/images/logout-red.svg"],"assets/images/logout.svg":["assets/images/logout.svg"],"assets/images/menu-left.svg":["assets/images/menu-left.svg"],"assets/images/mutual-fund.svg":["assets/images/mutual-fund.svg"],"assets/images/notification.png":["assets/images/notification.png"],"assets/images/notification.svg":["assets/images/notification.svg"],"assets/images/settings.svg":["assets/images/settings.svg"],"assets/images/share.svg":["assets/images/share.svg"],"assets/images/show-password.png":["assets/images/show-password.png"],"assets/images/upload-document.svg":["assets/images/upload-document.svg"],"assets/images/upload-icon.svg":["assets/images/upload-icon.svg"],"assets/images/walkthrough-1.png":["assets/images/walkthrough-1.png"],"assets/images/walkthrough-2.png":["assets/images/walkthrough-2.png"],"assets/images/walkthrough-3.png":["assets/images/walkthrough-3.png"],"assets/images/walkthrough-4.png":["assets/images/walkthrough-4.png"],"assets/images/wallet.svg":["assets/images/wallet.svg"],"packages/cupertino_icons/assets/CupertinoIcons.ttf":["packages/cupertino_icons/assets/CupertinoIcons.ttf"],"packages/flutter_math_fork/lib/katex_fonts/fonts/KaTeX_AMS-Regular.ttf":["packages/flutter_math_fork/lib/katex_fonts/fonts/KaTeX_AMS-Regular.ttf"],"packages/flutter_math_fork/lib/katex_fonts/fonts/KaTeX_Caligraphic-Bold.ttf":["packages/flutter_math_fork/lib/katex_fonts/fonts/KaTeX_Caligraphic-Bold.ttf"],"packages/flutter_math_fork/lib/katex_fonts/fonts/KaTeX_Caligraphic-Regular.ttf":["packages/flutter_math_fork/lib/katex_fonts/fonts/KaTeX_Caligraphic-Regular.ttf"],"packages/flutter_math_fork/lib/katex_fonts/fonts/KaTeX_Fraktur-Bold.ttf":["packages/flutter_math_fork/lib/katex_fonts/fonts/KaTeX_Fraktur-Bold.ttf"],"packages/flutter_math_fork/lib/katex_fonts/fonts/KaTeX_Fraktur-Regular.ttf":["packages/flutter_math_fork/lib/katex_fonts/fonts/KaTeX_Fraktur-Regular.ttf"],"packages/flutter_math_fork/lib/katex_fonts/fonts/KaTeX_Main-Bold.ttf":["packages/flutter_math_fork/lib/katex_fonts/fonts/KaTeX_Main-Bold.ttf"],"packages/flutter_math_fork/lib/katex_fonts/fonts/KaTeX_Main-BoldItalic.ttf":["packages/flutter_math_fork/lib/katex_fonts/fonts/KaTeX_Main-BoldItalic.ttf"],"packages/flutter_math_fork/lib/katex_fonts/fonts/KaTeX_Main-Italic.ttf":["packages/flutter_math_fork/lib/katex_fonts/fonts/KaTeX_Main-Italic.ttf"],"packages/flutter_math_fork/lib/katex_fonts/fonts/KaTeX_Main-Regular.ttf":["packages/flutter_math_fork/lib/katex_fonts/fonts/KaTeX_Main-Regular.ttf"],"packages/flutter_math_fork/lib/katex_fonts/fonts/KaTeX_Math-BoldItalic.ttf":["packages/flutter_math_fork/lib/katex_fonts/fonts/KaTeX_Math-BoldItalic.ttf"],"packages/flutter_math_fork/lib/katex_fonts/fonts/KaTeX_Math-Italic.ttf":["packages/flutter_math_fork/lib/katex_fonts/fonts/KaTeX_Math-Italic.ttf"],"packages/flutter_math_fork/lib/katex_fonts/fonts/KaTeX_SansSerif-Bold.ttf":["packages/flutter_math_fork/lib/katex_fonts/fonts/KaTeX_SansSerif-Bold.ttf"],"packages/flutter_math_fork/lib/katex_fonts/fonts/KaTeX_SansSerif-Italic.ttf":["packages/flutter_math_fork/lib/katex_fonts/fonts/KaTeX_SansSerif-Italic.ttf"],"packages/flutter_math_fork/lib/katex_fonts/fonts/KaTeX_SansSerif-Regular.ttf":["packages/flutter_math_fork/lib/katex_fonts/fonts/KaTeX_SansSerif-Regular.ttf"],"packages/flutter_math_fork/lib/katex_fonts/fonts/KaTeX_Script-Regular.ttf":["packages/flutter_math_fork/lib/katex_fonts/fonts/KaTeX_Script-Regular.ttf"],"packages/flutter_math_fork/lib/katex_fonts/fonts/KaTeX_Size1-Regular.ttf":["packages/flutter_math_fork/lib/katex_fonts/fonts/KaTeX_Size1-Regular.ttf"],"packages/flutter_math_fork/lib/katex_fonts/fonts/KaTeX_Size2-Regular.ttf":["packages/flutter_math_fork/lib/katex_fonts/fonts/KaTeX_Size2-Regular.ttf"],"packages/flutter_math_fork/lib/katex_fonts/fonts/KaTeX_Size3-Regular.ttf":["packages/flutter_math_fork/lib/katex_fonts/fonts/KaTeX_Size3-Regular.ttf"],"packages/flutter_math_fork/lib/katex_fonts/fonts/KaTeX_Size4-Regular.ttf":["packages/flutter_math_fork/lib/katex_fonts/fonts/KaTeX_Size4-Regular.ttf"],"packages/flutter_math_fork/lib/katex_fonts/fonts/KaTeX_Typewriter-Regular.ttf":["packages/flutter_math_fork/lib/katex_fonts/fonts/KaTeX_Typewriter-Regular.ttf"],"packages/wakelock_web/assets/no_sleep.js":["packages/wakelock_web/assets/no_sleep.js"]}